<?xml version="1.0" encoding="UTF-8"?>
<!DOCTYPE generatorConfiguration
        PUBLIC "-//mybatis.org//DTD MyBatis Generator Configuration 1.0//EN"
        "http://mybatis.org/dtd/mybatis-generator-config_1_0.dtd">

<generatorConfiguration>


    <context id="DB2Tables" targetRuntime="MyBatis3">
        <!--数据库连接地址账号密码-->
        <jdbcConnection driverClass="com.mysql.jdbc.Driver"
                        connectionURL="jdbc:mysql://localhost:3306/miaosha"
                        userId="root"
                        password="123456">
        </jdbcConnection>
        <javaTypeResolver >
            <property name="forceBigDecimals" value="false" />
        </javaTypeResolver>

        <!--生成Model类（DataObject）(数据库对应的java实体)的存放位置-->
        <!--targetPackage 是存放的包的路径
            targetProject 是要放到工程中的哪个路径下，这个工程是针对ide开发环境目录而言的
            连起来：在ide中的src/main/java下com.miaoshaproject.dataobject包中
        -->
        <javaModelGenerator targetPackage="com.miaoshaproject.dataobject" targetProject="src/main/java">
            <property name="enableSubPackages" value="true" />
            <property name="trimStrings" value="true" />
        </javaModelGenerator>

        <!--生成映射文件存放位置
            在ide中的src/main/resources目录下的mapping目录中
        -->
        <sqlMapGenerator targetPackage="mapping"  targetProject="src/main/resources">
            <property name="enableSubPackages" value="true" />
        </sqlMapGenerator>

        <!--生成Dao类存放位置-->
        <!--客户端代码，生成易于使用的针对Model对象和XML配置文件的代码
            type="ANNOTATEDMAPPER",生成java model和基于注解的Mapper对象
            type="MIXEDMAPPER",生成基于注解的java model和相应的Mapper对象
            type="XMLMAPPER",生成SQLMap XML文件和独立的Mapper接口
        -->
        <javaClientGenerator type="XMLMAPPER" targetPackage="com.miaoshaproject.dao"  targetProject="src/main/java">
            <property name="enableSubPackages" value="true" />
        </javaClientGenerator>

        <!--<table schema="DB2ADMIN" tableName="ALLTYPES" domainObjectName="Customer" >
            <property name="useActualColumnNames" value="true"/>
            <generatedKey column="ID" sqlStatement="DB2" identity="true" />
            <columnOverride column="DATE_FIELD" property="startDate" />
            <ignoreColumn column="FRED" />
            <columnOverride column="LONG_VARCHAR_FIELD" jdbcType="VARCHAR" />
        </table>-->
        <!--生成对应的表及类名
            不生成复杂操作的Example类
        -->
       <!-- <table tableName="user_info" domainObjectName="UserDo"
               enableCountByExample="false"
               enableUpdateByExample="false"
               enableDeleteByExample="false"
               enableSelectByExample="false"
               selectByExampleQueryId="false"></table>
        <table tableName="user_password" domainObjectName="UserPasswordDo"
               enableCountByExample="false"
               enableUpdateByExample="false"
               enableDeleteByExample="false"
               enableSelectByExample="false"
               selectByExampleQueryId="false"></table>-->
        <table tableName="promo" domainObjectName="PromoDo"
               enableCountByExample="false"
               enableUpdateByExample="false"
               enableDeleteByExample="false"
               enableSelectByExample="false"
               selectByExampleQueryId="false">
        </table>



    </context>
</generatorConfiguration>