<?xml version="1.0" encoding="UTF-8"?>
<!DOCTYPE mapper PUBLIC "-//mybatis.org//DTD Mapper 3.0//EN" "http://mybatis.org/dtd/mybatis-3-mapper.dtd">
<mapper namespace="com.miaoshaproject.dao.PromoDoMapper">
  <resultMap id="BaseResultMap" type="com.miaoshaproject.dataobject.PromoDo">
    <!--
      WARNING - @mbg.generated
      This element is automatically generated by MyBatis Generator, do not modify.
      This element was generated on Tue Dec 25 16:32:44 CST 2018.
    -->
    <id column="id" jdbcType="INTEGER" property="id" />
    <result column="promo_name" jdbcType="VARCHAR" property="promoName" />
    <result column="start_time" jdbcType="TIMESTAMP" property="startTime" />
    <result column="end_time" jdbcType="TIMESTAMP" property="endTime" />
    <result column="item_id" jdbcType="INTEGER" property="itemId" />
    <result column="promo_item_price" jdbcType="DOUBLE" property="promoItemPrice" />
  </resultMap>
  <sql id="Base_Column_List">
    <!--
      WARNING - @mbg.generated
      This element is automatically generated by MyBatis Generator, do not modify.
      This element was generated on Tue Dec 25 16:32:44 CST 2018.
    -->
    id, promo_name, start_time, end_time, item_id, promo_item_price
  </sql>
  <select id="selectByPrimaryKey" parameterType="java.lang.Integer" resultMap="BaseResultMap">
    <!--
      WARNING - @mbg.generated
      This element is automatically generated by MyBatis Generator, do not modify.
      This element was generated on Tue Dec 25 16:32:44 CST 2018.
    -->
    select 
    <include refid="Base_Column_List" />
    from promo
    where id = #{id,jdbcType=INTEGER}
  </select>

  <select id="selectByItemId" parameterType="java.lang.Integer" resultMap="BaseResultMap">

    select
    <include refid="Base_Column_List" />
    from promo
    where item_id = #{ItemId,jdbcType=INTEGER}
  </select>


  <delete id="deleteByPrimaryKey" parameterType="java.lang.Integer">
    <!--
      WARNING - @mbg.generated
      This element is automatically generated by MyBatis Generator, do not modify.
      This element was generated on Tue Dec 25 16:32:44 CST 2018.
    -->
    delete from promo
    where id = #{id,jdbcType=INTEGER}
  </delete>
  <insert id="insert" parameterType="com.miaoshaproject.dataobject.PromoDo">
    <!--
      WARNING - @mbg.generated
      This element is automatically generated by MyBatis Generator, do not modify.
      This element was generated on Tue Dec 25 16:32:44 CST 2018.
    -->
    insert into promo (id, promo_name, start_time, end_time,
      item_id, promo_item_price)
    values (#{id,jdbcType=INTEGER}, #{promoName,jdbcType=VARCHAR}, #{startTime,jdbcType=TIMESTAMP}, #{endTime,jdbcType=TIMESTAMP},
      #{itemId,jdbcType=INTEGER}, #{promoItemPrice,jdbcType=DOUBLE})
  </insert>
  <insert id="insertSelective" parameterType="com.miaoshaproject.dataobject.PromoDo">
    <!--
      WARNING - @mbg.generated
      This element is automatically generated by MyBatis Generator, do not modify.
      This element was generated on Tue Dec 25 16:32:44 CST 2018.
    -->
    insert into promo
    <trim prefix="(" suffix=")" suffixOverrides=",">
      <if test="id != null">
        id,
      </if>
      <if test="promoName != null">
        promo_name,
      </if>
      <if test="startTime != null">
        start_time,
      </if>
      <if test="endTime != null">
        end_time,
      </if>
      <if test="itemId != null">
        item_id,
      </if>
      <if test="promoItemPrice != null">
        promo_item_price,
      </if>
    </trim>
    <trim prefix="values (" suffix=")" suffixOverrides=",">
      <if test="id != null">
        #{id,jdbcType=INTEGER},
      </if>
      <if test="promoName != null">
        #{promoName,jdbcType=VARCHAR},
      </if>
      <if test="startTime != null">
        #{startTime,jdbcType=TIMESTAMP},
      </if>
      <if test="endTime != null">
        #{endTime,jdbcType=TIMESTAMP},
      </if>
      <if test="itemId != null">
        #{itemId,jdbcType=INTEGER},
      </if>
      <if test="promoItemPrice != null">
        #{promoItemPrice,jdbcType=DOUBLE},
      </if>
    </trim>
  </insert>
  <update id="updateByPrimaryKeySelective" parameterType="com.miaoshaproject.dataobject.PromoDo">
    <!--
      WARNING - @mbg.generated
      This element is automatically generated by MyBatis Generator, do not modify.
      This element was generated on Tue Dec 25 16:32:44 CST 2018.
    -->
    update promo
    <set>
      <if test="promoName != null">
        promo_name = #{promoName,jdbcType=VARCHAR},
      </if>
      <if test="startTime != null">
        start_time = #{startTime,jdbcType=TIMESTAMP},
      </if>
      <if test="endTime != null">
        end_time = #{endTime,jdbcType=TIMESTAMP},
      </if>
      <if test="itemId != null">
        item_id = #{itemId,jdbcType=INTEGER},
      </if>
      <if test="promoItemPrice != null">
        promo_item_price = #{promoItemPrice,jdbcType=DOUBLE},
      </if>
    </set>
    where id = #{id,jdbcType=INTEGER}
  </update>
  <update id="updateByPrimaryKey" parameterType="com.miaoshaproject.dataobject.PromoDo">
    <!--
      WARNING - @mbg.generated
      This element is automatically generated by MyBatis Generator, do not modify.
      This element was generated on Tue Dec 25 16:32:44 CST 2018.
    -->
    update promo
    set promo_name = #{promoName,jdbcType=VARCHAR},
      start_time = #{startTime,jdbcType=TIMESTAMP},
      end_time = #{endTime,jdbcType=TIMESTAMP},
      item_id = #{itemId,jdbcType=INTEGER},
      promo_item_price = #{promoItemPrice,jdbcType=DOUBLE}
    where id = #{id,jdbcType=INTEGER}
  </update>
</mapper>