<?xml version="1.0" encoding="UTF-8"?>
<!DOCTYPE mapper PUBLIC "-//mybatis.org//DTD Mapper 3.0//EN" "http://mybatis.org/dtd/mybatis-3-mapper.dtd">
<mapper namespace="com.miaoshaproject.dao.SequenceDoMapper">
  <resultMap id="BaseResultMap" type="com.miaoshaproject.dataobject.SequenceDo">
    <!--
      WARNING - @mbg.generated
      This element is automatically generated by MyBatis Generator, do not modify.
      This element was generated on Mon Dec 24 15:26:47 CST 2018.
    -->
    <id column="name" jdbcType="VARCHAR" property="name" />
    <result column="current_value" jdbcType="INTEGER" property="currentValue" />
    <result column="step" jdbcType="INTEGER" property="step" />
  </resultMap>
  <sql id="Base_Column_List">
    <!--
      WARNING - @mbg.generated
      This element is automatically generated by MyBatis Generator, do not modify.
      This element was generated on Mon Dec 24 15:26:47 CST 2018.
    -->
    name, current_value, step
  </sql>

  <!--根据name获取序列值
    使用for update,避免其他用户以该表进行插入,修改或删除等操作,造成表的不一致性
    每次获取这个序列，都是获取表中的最后一行数据，就要保证在操作时，别的用户没有操作这个表，使用for update 可以锁表。
  -->
  <select id="getSequenceByName" parameterType="java.lang.String" resultMap="BaseResultMap">

    select
    <include refid="Base_Column_List" />
    from sequence_info
    where name = #{name,jdbcType=VARCHAR} for UPDATE
  </select>




  <select id="selectByPrimaryKey" parameterType="java.lang.String" resultMap="BaseResultMap">
    <!--
      WARNING - @mbg.generated
      This element is automatically generated by MyBatis Generator, do not modify.
      This element was generated on Mon Dec 24 15:26:47 CST 2018.
    -->
    select 
    <include refid="Base_Column_List" />
    from sequence_info
    where name = #{name,jdbcType=VARCHAR}
  </select>
  <delete id="deleteByPrimaryKey" parameterType="java.lang.String">
    <!--
      WARNING - @mbg.generated
      This element is automatically generated by MyBatis Generator, do not modify.
      This element was generated on Mon Dec 24 15:26:47 CST 2018.
    -->
    delete from sequence_info
    where name = #{name,jdbcType=VARCHAR}
  </delete>
  <insert id="insert" parameterType="com.miaoshaproject.dataobject.SequenceDo">
    <!--
      WARNING - @mbg.generated
      This element is automatically generated by MyBatis Generator, do not modify.
      This element was generated on Mon Dec 24 15:26:47 CST 2018.
    -->
    insert into sequence_info (name, current_value, step
      )
    values (#{name,jdbcType=VARCHAR}, #{currentValue,jdbcType=INTEGER}, #{step,jdbcType=INTEGER}
      )
  </insert>
  <insert id="insertSelective" parameterType="com.miaoshaproject.dataobject.SequenceDo">
    <!--
      WARNING - @mbg.generated
      This element is automatically generated by MyBatis Generator, do not modify.
      This element was generated on Mon Dec 24 15:26:47 CST 2018.
    -->
    insert into sequence_info
    <trim prefix="(" suffix=")" suffixOverrides=",">
      <if test="name != null">
        name,
      </if>
      <if test="currentValue != null">
        current_value,
      </if>
      <if test="step != null">
        step,
      </if>
    </trim>
    <trim prefix="values (" suffix=")" suffixOverrides=",">
      <if test="name != null">
        #{name,jdbcType=VARCHAR},
      </if>
      <if test="currentValue != null">
        #{currentValue,jdbcType=INTEGER},
      </if>
      <if test="step != null">
        #{step,jdbcType=INTEGER},
      </if>
    </trim>
  </insert>
  <update id="updateByPrimaryKeySelective" parameterType="com.miaoshaproject.dataobject.SequenceDo">
    <!--
      WARNING - @mbg.generated
      This element is automatically generated by MyBatis Generator, do not modify.
      This element was generated on Mon Dec 24 15:26:47 CST 2018.
    -->
    update sequence_info
    <set>
      <if test="currentValue != null">
        current_value = #{currentValue,jdbcType=INTEGER},
      </if>
      <if test="step != null">
        step = #{step,jdbcType=INTEGER},
      </if>
    </set>
    where name = #{name,jdbcType=VARCHAR}
  </update>
  <update id="updateByPrimaryKey" parameterType="com.miaoshaproject.dataobject.SequenceDo">
    <!--
      WARNING - @mbg.generated
      This element is automatically generated by MyBatis Generator, do not modify.
      This element was generated on Mon Dec 24 15:26:47 CST 2018.
    -->
    update sequence_info
    set current_value = #{currentValue,jdbcType=INTEGER},
      step = #{step,jdbcType=INTEGER}
    where name = #{name,jdbcType=VARCHAR}
  </update>
</mapper>