<?xml version="1.0" encoding="UTF-8"?>
<!DOCTYPE mapper PUBLIC "-//mybatis.org//DTD Mapper 3.0//EN" "http://mybatis.org/dtd/mybatis-3-mapper.dtd">
<mapper namespace="com.miaoshaproject.dao.UserPasswordDoMapper">
  <resultMap id="BaseResultMap" type="com.miaoshaproject.dataobject.UserPasswordDo">
    <!--
      WARNING - @mbg.generated
      This element is automatically generated by MyBatis Generator, do not modify.
      This element was generated on Wed Dec 19 15:54:42 CST 2018.
    -->
    <id column="id" jdbcType="INTEGER" property="id" />
    <result column="encrpt_password" jdbcType="VARCHAR" property="encrptPassword" />
    <result column="user_id" jdbcType="INTEGER" property="userId" />
  </resultMap>
  <sql id="Base_Column_List">
    <!--
      WARNING - @mbg.generated
      This element is automatically generated by MyBatis Generator, do not modify.
      This element was generated on Wed Dec 19 15:54:42 CST 2018.
    -->
    id, encrpt_password, user_id
  </sql>
  <select id="selectByPrimaryKey" parameterType="java.lang.Integer" resultMap="BaseResultMap">
    <!--
      WARNING - @mbg.generated
      This element is automatically generated by MyBatis Generator, do not modify.
      This element was generated on Wed Dec 19 15:54:42 CST 2018.
    -->
    select 
    <include refid="Base_Column_List" />
    from user_password
    where id = #{id,jdbcType=INTEGER}
  </select>
  <delete id="deleteByPrimaryKey" parameterType="java.lang.Integer">
    <!--
      WARNING - @mbg.generated
      This element is automatically generated by MyBatis Generator, do not modify.
      This element was generated on Wed Dec 19 15:54:42 CST 2018.
    -->
    delete from user_password
    where id = #{id,jdbcType=INTEGER}
  </delete>
  <insert id="insert" parameterType="com.miaoshaproject.dataobject.UserPasswordDo">
    <!--
      WARNING - @mbg.generated
      This element is automatically generated by MyBatis Generator, do not modify.
      This element was generated on Wed Dec 19 15:54:42 CST 2018.
    -->
    insert into user_password (id, encrpt_password, user_id
      )
    values (#{id,jdbcType=INTEGER}, #{encrptPassword,jdbcType=VARCHAR}, #{userId,jdbcType=INTEGER}
      )
  </insert>
  <insert id="insertSelective" parameterType="com.miaoshaproject.dataobject.UserPasswordDo">
    <!--
      WARNING - @mbg.generated
      This element is automatically generated by MyBatis Generator, do not modify.
      This element was generated on Wed Dec 19 15:54:42 CST 2018.
    -->
    insert into user_password
    <trim prefix="(" suffix=")" suffixOverrides=",">
      <if test="id != null">
        id,
      </if>
      <if test="encrptPassword != null">
        encrpt_password,
      </if>
      <if test="userId != null">
        user_id,
      </if>
    </trim>
    <trim prefix="values (" suffix=")" suffixOverrides=",">
      <if test="id != null">
        #{id,jdbcType=INTEGER},
      </if>
      <if test="encrptPassword != null">
        #{encrptPassword,jdbcType=VARCHAR},
      </if>
      <if test="userId != null">
        #{userId,jdbcType=INTEGER},
      </if>
    </trim>
  </insert>
  <update id="updateByPrimaryKeySelective" parameterType="com.miaoshaproject.dataobject.UserPasswordDo">
    <!--
      WARNING - @mbg.generated
      This element is automatically generated by MyBatis Generator, do not modify.
      This element was generated on Wed Dec 19 15:54:42 CST 2018.
    -->
    update user_password
    <set>
      <if test="encrptPassword != null">
        encrpt_password = #{encrptPassword,jdbcType=VARCHAR},
      </if>
      <if test="userId != null">
        user_id = #{userId,jdbcType=INTEGER},
      </if>
    </set>
    where id = #{id,jdbcType=INTEGER}
  </update>
  <update id="updateByPrimaryKey" parameterType="com.miaoshaproject.dataobject.UserPasswordDo">
    <!--
      WARNING - @mbg.generated
      This element is automatically generated by MyBatis Generator, do not modify.
      This element was generated on Wed Dec 19 15:54:42 CST 2018.
    -->
    update user_password
    set encrpt_password = #{encrptPassword,jdbcType=VARCHAR},
      user_id = #{userId,jdbcType=INTEGER}
    where id = #{id,jdbcType=INTEGER}
  </update>


  <!--根据用户id查询-->
  <select id="selectByUserId" parameterType="java.lang.Integer" resultMap="BaseResultMap">

    select
    <include refid="Base_Column_List" />
    from user_password
    where user_id = #{userId,jdbcType=INTEGER}
  </select>
</mapper>