<?xml version="1.0" encoding="UTF-8"?>
<!DOCTYPE mapper PUBLIC "-//mybatis.org//DTD Mapper 3.0//EN" "http://mybatis.org/dtd/mybatis-3-mapper.dtd">
<mapper namespace="com.miaoshaproject.dao.UserDoMapper">
  <resultMap id="BaseResultMap" type="com.miaoshaproject.dataobject.UserDo">
    <!--
      WARNING - @mbg.generated
      This element is automatically generated by MyBatis Generator, do not modify.
      This element was generated on Wed Dec 19 15:54:42 CST 2018.
    -->
    <id column="id" jdbcType="INTEGER" property="id" />
    <result column="name" jdbcType="VARCHAR" property="name" />
    <result column="gender" jdbcType="TINYINT" property="gender" />
    <result column="age" jdbcType="INTEGER" property="age" />
    <result column="telephone" jdbcType="VARCHAR" property="telephone" />
    <result column="regist_mode" jdbcType="VARCHAR" property="registMode" />
    <result column="third_party_id" jdbcType="VARCHAR" property="thirdPartyId" />
  </resultMap>
  <sql id="Base_Column_List">
    <!--
      WARNING - @mbg.generated
      This element is automatically generated by MyBatis Generator, do not modify.
      This element was generated on Wed Dec 19 15:54:42 CST 2018.
    -->
    id, name, gender, age, telephone, regist_mode, third_party_id
  </sql>
  <select id="selectByPrimaryKey" parameterType="java.lang.Integer" resultMap="BaseResultMap">
    <!--
      WARNING - @mbg.generated
      This element is automatically generated by MyBatis Generator, do not modify.
      This element was generated on Wed Dec 19 15:54:42 CST 2018.
    -->
    select 
    <include refid="Base_Column_List" />
    from user_info
    where id = #{id,jdbcType=INTEGER}
  </select>
  <delete id="deleteByPrimaryKey" parameterType="java.lang.Integer">
    <!--
      WARNING - @mbg.generated
      This element is automatically generated by MyBatis Generator, do not modify.
      This element was generated on Wed Dec 19 15:54:42 CST 2018.
    -->
    delete from user_info
    where id = #{id,jdbcType=INTEGER}
  </delete>
  <insert id="insert" parameterType="com.miaoshaproject.dataobject.UserDo">
    <!--
      WARNING - @mbg.generated
      This element is automatically generated by MyBatis Generator, do not modify.
      This element was generated on Wed Dec 19 15:54:42 CST 2018.
    -->
    insert into user_info (id, name, gender, 
      age, telephone, regist_mode, 
      third_party_id)
    values (#{id,jdbcType=INTEGER}, #{name,jdbcType=VARCHAR}, #{gender,jdbcType=TINYINT}, 
      #{age,jdbcType=INTEGER}, #{telephone,jdbcType=VARCHAR}, #{registMode,jdbcType=VARCHAR}, 
      #{thirdPartyId,jdbcType=VARCHAR})
  </insert>
  <insert id="insertSelective" parameterType="com.miaoshaproject.dataobject.UserDo" useGeneratedKeys="true" keyProperty="id">
    <!--
      WARNING - @mbg.generated
      This element is automatically generated by MyBatis Generator, do not modify.
      This element was generated on Wed Dec 19 15:54:42 CST 2018.
    -->
    insert into user_info
    <trim prefix="(" suffix=")" suffixOverrides=",">
      <if test="id != null">
        id,
      </if>
      <if test="name != null">
        name,
      </if>
      <if test="gender != null">
        gender,
      </if>
      <if test="age != null">
        age,
      </if>
      <if test="telephone != null">
        telephone,
      </if>
      <if test="registMode != null">
        regist_mode,
      </if>
      <if test="thirdPartyId != null">
        third_party_id,
      </if>
    </trim>
    <trim prefix="values (" suffix=")" suffixOverrides=",">
      <if test="id != null">
        #{id,jdbcType=INTEGER},
      </if>
      <if test="name != null">
        #{name,jdbcType=VARCHAR},
      </if>
      <if test="gender != null">
        #{gender,jdbcType=TINYINT},
      </if>
      <if test="age != null">
        #{age,jdbcType=INTEGER},
      </if>
      <if test="telephone != null">
        #{telephone,jdbcType=VARCHAR},
      </if>
      <if test="registMode != null">
        #{registMode,jdbcType=VARCHAR},
      </if>
      <if test="thirdPartyId != null">
        #{thirdPartyId,jdbcType=VARCHAR},
      </if>
    </trim>
  </insert>
  <update id="updateByPrimaryKeySelective" parameterType="com.miaoshaproject.dataobject.UserDo">
    <!--
      WARNING - @mbg.generated
      This element is automatically generated by MyBatis Generator, do not modify.
      This element was generated on Wed Dec 19 15:54:42 CST 2018.
    -->
    update user_info
    <set>
      <if test="name != null">
        name = #{name,jdbcType=VARCHAR},
      </if>
      <if test="gender != null">
        gender = #{gender,jdbcType=TINYINT},
      </if>
      <if test="age != null">
        age = #{age,jdbcType=INTEGER},
      </if>
      <if test="telephone != null">
        telephone = #{telephone,jdbcType=VARCHAR},
      </if>
      <if test="registMode != null">
        regist_mode = #{registMode,jdbcType=VARCHAR},
      </if>
      <if test="thirdPartyId != null">
        third_party_id = #{thirdPartyId,jdbcType=VARCHAR},
      </if>
    </set>
    where id = #{id,jdbcType=INTEGER}
  </update>
  <update id="updateByPrimaryKey" parameterType="com.miaoshaproject.dataobject.UserDo">
    <!--
      WARNING - @mbg.generated
      This element is automatically generated by MyBatis Generator, do not modify.
      This element was generated on Wed Dec 19 15:54:42 CST 2018.
    -->
    update user_info
    set name = #{name,jdbcType=VARCHAR},
      gender = #{gender,jdbcType=TINYINT},
      age = #{age,jdbcType=INTEGER},
      telephone = #{telephone,jdbcType=VARCHAR},
      regist_mode = #{registMode,jdbcType=VARCHAR},
      third_party_id = #{thirdPartyId,jdbcType=VARCHAR}
    where id = #{id,jdbcType=INTEGER}
  </update>

  <select id="selectByTelephone" resultMap="BaseResultMap">

    select
    <include refid="Base_Column_List" />
    from user_info
    where telephone = #{telephone,jdbcType=VARCHAR}
  </select>


</mapper>